0,15,1,Liked Post,2025-02-05 15:28:55
1,1,19,Liked Post,2010-05-12 05:53:35
2,7,19,Viewed Profile,2014-10-31 17:32:27
3,1,18,Liked Post,2006-11-14 06:08:39
4,15,6,Viewed Profile,2017-10-03 12:33:18
5,8,11,Left a Comment,2022-12-07 00:25:53
6,0,10,Viewed Profile,2019-03-17 15:38:56
7,0,15,Liked Post,2021-04-06 05:26:25
8,7,6,Shared Post,2015-08-30 21:09:31
9,14,16,Left a Comment,2021-02-06 15:07:58
10,18,6,Left a Comment,2006-06-21 16:55:11
11,5,15,Liked Post,2021-03-19 13:24:17
12,6,1,Shared Post,2010-07-31 09:02:11
13,17,18,Shared Post,2005-11-25 17:41:59
14,0,13,Liked Post,2016-11-04 21:02:52
15,2,10,Followed Profile,2016-04-10 17:08:43
16,5,15,Viewed Profile,2011-02-03 13:51:59
17,7,18,Left a Comment,2013-03-25 20:07:51
18,1,19,Followed Profile,2020-10-19 06:56:00
19,6,4,Liked Post,2009-12-12 15:55:24
20,6,19,Viewed Profile,2013-11-06 11:50:54
21,7,17,Viewed Profile,2013-03-18 11:51:40
22,9,12,Followed Profile,2016-04-27 16:55:52
23,13,7,Followed Profile,2025-01-28 17:39:11
24,6,14,Shared Post,2014-10-31 17:29:43
25,3,10,Viewed Profile,2013-03-28 14:57:31
26,19,6,Viewed Profile,2004-09-12 20:31:59
27,13,12,Viewed Profile,2004-08-15 06:44:16
28,3,2,Followed Profile,2014-11-01 14:42:58
29,0,15,Left a Comment,2010-01-22 01:14:13
30,3,10,Liked Post,2013-03-02 14:11:26
31,5,18,Liked Post,2008-06-16 19:11:00
32,5,0,Liked Post,2025-02-03 14:05:32
33,2,18,Followed Profile,2010-08-13 06:56:27
34,6,1,Liked Post,2016-02-24 09:49:37
35,3,11,Shared Post,2013-10-16 00:00:19
36,18,8,Left a Comment,2015-03-13 16:18:06
37,0,8,Shared Post,2025-01-25 23:03:12
38,10,2,Shared Post,2017-12-04 00:22:13
39,10,9,Liked Post,2009-02-03 15:13:44
40,2,10,Viewed Profile,2005-11-01 18:30:17
41,8,19,Shared Post,2025-02-04 10:38:24
42,13,9,Followed Profile,2008-04-24 16:30:41
43,19,2,Liked Post,2010-03-19 10:52:38
44,1,8,Left a Comment,2019-12-04 17:53:13
45,3,7,Left a Comment,2022-12-10 05:38:38
46,16,2,Liked Post,2009-05-11 23:58:53
47,3,5,Shared Post,2021-05-15 05:36:38
48,5,3,Liked Post,2011-06-04 06:41:53
49,5,4,Shared Post,2013-08-27 02:01:28